-- Добавляем информацию о подписках
BEGIN TRANSACTION;
-- Гусеничный экскаватор 14
insert into Subscription (type, equipmentType, amount, description, duration) values ("week", "14", "220.00", "Неделя", 1);
insert into Subscription (type, equipmentType, amount, description, duration) values ("month", "14", "690.00", "Месяц", 1);
insert into Subscription (type, equipmentType, amount, description, duration) values ("year", "14", "4800.00", "Год", 1);
-- Колесный экскаватор 15
insert into Subscription (type, equipmentType, amount, description, duration) values ("week", "15", "220.00", "Неделя", 1);
insert into Subscription (type, equipmentType, amount, description, duration) values ("month", "15", "690.00", "Месяц", 1);
insert into Subscription (type, equipmentType, amount, description, duration) values ("year", "15", "4800.00", "Год", 1);
-- Экскаватор-погрузчик 16
insert into Subscription (type, equipmentType, amount, description, duration) values ("week", "16", "220.00", "Неделя", 1);
insert into Subscription (type, equipmentType, amount, description, duration) values ("month", "16", "690.00", "Месяц", 1);
insert into Subscription (type, equipmentType, amount, description, duration) values ("year", "16", "4800.00", "Год", 1);
-- Автокран 2
insert into Subscription (type, equipmentType, amount, description, duration) values ("week", "2", "220.00", "Неделя", 1);
insert into Subscription (type, equipmentType, amount, description, duration) values ("month", "2", "690.00", "Месяц", 1);
insert into Subscription (type, equipmentType, amount, description, duration) values ("year", "2", "4800.00", "Год", 1);
insert into Subscription (type, equipmentType, amount, description, duration) values ("test", "2", "10.00", "Тестовая (5 мин)", 5);

-- Манипулятор 7
insert into Subscription (type, equipmentType, amount, description, duration) values ("week", "7", "220.00", "Неделя", 1);
insert into Subscription (type, equipmentType, amount, description, duration) values ("month", "7", "690.00", "Месяц", 1);
insert into Subscription (type, equipmentType, amount, description, duration) values ("year", "7", "4200.00", "Год", 1);
-- Самосвал 10
insert into Subscription (type, equipmentType, amount, description, duration) values ("week", "10", "220.00", "Неделя", 1);
insert into Subscription (type, equipmentType, amount, description, duration) values ("month", "10", "690.00", "Месяц", 1);
insert into Subscription (type, equipmentType, amount, description, duration) values ("year", "10", "4200.00", "Год", 1);

-- Автовышка 0
insert into Subscription (type, equipmentType, amount, description, duration) values ("week", "0", "160.00", "Неделя", 1);
insert into Subscription (type, equipmentType, amount, description, duration) values ("month", "0", "490.00", "Месяц", 1);
insert into Subscription (type, equipmentType, amount, description, duration) values ("year", "0", "2900.00", "Год", 1);
-- Пухто 6
insert into Subscription (type, equipmentType, amount, description, duration) values ("week", "6", "160.00", "Неделя", 1);
insert into Subscription (type, equipmentType, amount, description, duration) values ("month", "6", "490.00", "Месяц", 1);
insert into Subscription (type, equipmentType, amount, description, duration) values ("year", "6", "2900.00", "Год", 1);
-- Мини-погрузчик 8
insert into Subscription (type, equipmentType, amount, description, duration) values ("week", "8", "160.00", "Неделя", 1);
insert into Subscription (type, equipmentType, amount, description, duration) values ("month", "8", "490.00", "Месяц", 1);
insert into Subscription (type, equipmentType, amount, description, duration) values ("year", "8", "2900.00", "Год", 1);
-- Мини-экскаватор 9
insert into Subscription (type, equipmentType, amount, description, duration) values ("week", "9", "160.00", "Неделя", 1);
insert into Subscription (type, equipmentType, amount, description, duration) values ("month", "9", "490.00", "Месяц", 1);
insert into Subscription (type, equipmentType, amount, description, duration) values ("year", "9", "2900.00", "Год", 1);

-- Каток 5
insert into Subscription (type, equipmentType, amount, description, duration) values ("week", "5", "160.00", "Неделя", 1);
insert into Subscription (type, equipmentType, amount, description, duration) values ("month", "5", "490.00", "Месяц", 1);
insert into Subscription (type, equipmentType, amount, description, duration) values ("year", "5", "2500.00", "Год", 1);

-- Автогрейдер 1
insert into Subscription (type, equipmentType, amount, description, duration) values ("week", "1", "0.00", "Неделя", 1);
insert into Subscription (type, equipmentType, amount, description, duration) values ("month", "1", "0.00", "Месяц", 1);
insert into Subscription (type, equipmentType, amount, description, duration) values ("year", "1", "0.00", "Год", 1);
-- Бетоновоз 3
insert into Subscription (type, equipmentType, amount, description, duration) values ("week", "3", "0.00", "Неделя", 1);
insert into Subscription (type, equipmentType, amount, description, duration) values ("month", "3", "0.00", "Месяц", 1);
insert into Subscription (type, equipmentType, amount, description, duration) values ("year", "3", "0.00", "Год", 1);
-- Бульдозер 4
insert into Subscription (type, equipmentType, amount, description, duration) values ("week", "4", "0.00", "Неделя", 1);
insert into Subscription (type, equipmentType, amount, description, duration) values ("month", "4", "0.00", "Месяц", 1);
insert into Subscription (type, equipmentType, amount, description, duration) values ("year", "4", "0.00", "Год", 1);
-- Тонар 11
insert into Subscription (type, equipmentType, amount, description, duration) values ("week", "11", "0.00", "Неделя", 1);
insert into Subscription (type, equipmentType, amount, description, duration) values ("month", "11", "0.00", "Месяц", 1);
insert into Subscription (type, equipmentType, amount, description, duration) values ("year", "11", "0.00", "Год", 1);
-- Трал 12
insert into Subscription (type, equipmentType, amount, description, duration) values ("week", "12", "0.00", "Неделя", 1);
insert into Subscription (type, equipmentType, amount, description, duration) values ("month", "12", "0.00", "Месяц", 1);
insert into Subscription (type, equipmentType, amount, description, duration) values ("year", "12", "0.00", "Год", 1);
-- Фронтальный погрузчик 13
insert into Subscription (type, equipmentType, amount, description, duration) values ("week", "13", "0.00", "Неделя", 1);
insert into Subscription (type, equipmentType, amount, description, duration) values ("month", "13", "0.00", "Месяц", 1);
insert into Subscription (type, equipmentType, amount, description, duration) values ("year", "13", "0.00", "Год", 1);
-- Трактор 17
insert into Subscription (type, equipmentType, amount, description, duration) values ("week", "17", "0.00", "Неделя", 1);
insert into Subscription (type, equipmentType, amount, description, duration) values ("month", "17", "0.00", "Месяц", 1);
insert into Subscription (type, equipmentType, amount, description, duration) values ("year", "17", "0.00", "Год", 1);
-- Шаланда 18
insert into Subscription (type, equipmentType, amount, description, duration) values ("week", "18", "0.00", "Неделя", 1);
insert into Subscription (type, equipmentType, amount, description, duration) values ("month", "18", "0.00", "Месяц", 1);
insert into Subscription (type, equipmentType, amount, description, duration) values ("year", "18", "0.00", "Год", 1);
-- Ямобур 19
insert into Subscription (type, equipmentType, amount, description, duration) values ("week", "19", "0.00", "Неделя", 1);
insert into Subscription (type, equipmentType, amount, description, duration) values ("month", "19", "0.00", "Месяц", 1);
insert into Subscription (type, equipmentType, amount, description, duration) values ("year", "19", "0.00", "Год", 1);
-- Эвакуатор 20
insert into Subscription (type, equipmentType, amount, description, duration) values ("week", "20", "0.00", "Неделя", 1);
insert into Subscription (type, equipmentType, amount, description, duration) values ("month", "20", "0.00", "Месяц", 1);
insert into Subscription (type, equipmentType, amount, description, duration) values ("year", "20", "0.00", "Год", 1);
-- Поливомоечная(коммунальная) техника 21
insert into Subscription (type, equipmentType, amount, description, duration) values ("week", "21", "0.00", "Неделя", 1);
insert into Subscription (type, equipmentType, amount, description, duration) values ("month", "21", "0.00", "Месяц", 1);
insert into Subscription (type, equipmentType, amount, description, duration) values ("year", "21", "0.00", "Год", 1);
END TRANSACTION;

-- Добавляем информацию по кол-ву бесплатных коннектов для спецтехники
BEGIN TRANSACTION;
insert into Connections (equipmentType, equipmentName, countOfConnections) values ("0", "Автовышка", 10);
insert into Connections (equipmentType, equipmentName, countOfConnections) values ("1", "Автогрейдер", 10000); -- бесплатно
insert into Connections (equipmentType, equipmentName, countOfConnections) values ("2", "Автокран", 15);
insert into Connections (equipmentType, equipmentName, countOfConnections) values ("3", "Бетоновоз", 10000); -- бесплатно
insert into Connections (equipmentType, equipmentName, countOfConnections) values ("4", "Бульдозер", 10000); -- бесплатно
insert into Connections (equipmentType, equipmentName, countOfConnections) values ("5", "Каток", 10); --
insert into Connections (equipmentType, equipmentName, countOfConnections) values ("6", "Контейнер (ПУХТО)", 10);
insert into Connections (equipmentType, equipmentName, countOfConnections) values ("7", "Манипулятор", 15);
insert into Connections (equipmentType, equipmentName, countOfConnections) values ("8", "Мини-погрузчик", 10);
insert into Connections (equipmentType, equipmentName, countOfConnections) values ("9", "Мини-экскаватор", 10);
insert into Connections (equipmentType, equipmentName, countOfConnections) values ("10", "Самосвал", 20);
insert into Connections (equipmentType, equipmentName, countOfConnections) values ("11", "Тонар", 10000); -- бесплатно
insert into Connections (equipmentType, equipmentName, countOfConnections) values ("12", "Трал", 10000); -- бесплатно
insert into Connections (equipmentType, equipmentName, countOfConnections) values ("13", "Фронтальный погрузчик", 10000); -- бесплатно
insert into Connections (equipmentType, equipmentName, countOfConnections) values ("14", "Экскаватор гусеничный", 10);
insert into Connections (equipmentType, equipmentName, countOfConnections) values ("15", "Экскаватор колесный", 10);
insert into Connections (equipmentType, equipmentName, countOfConnections) values ("16", "Экскаватор-погрузчик", 20);
insert into Connections (equipmentType, equipmentName, countOfConnections) values ("17", "Трактор", 10000); -- бесплатно
insert into Connections (equipmentType, equipmentName, countOfConnections) values ("18", "Шаланда", 10000); -- бесплатно
insert into Connections (equipmentType, equipmentName, countOfConnections) values ("19", "Ямобур", 10000); -- бесплатно
insert into Connections (equipmentType, equipmentName, countOfConnections) values ("20", "Эвакуатор", 10000); -- бесплатно
insert into Connections (equipmentType, equipmentName, countOfConnections) values ("21", "Поливомоечная(коммунальная) техника", 10000); -- бесплатно
END TRANSACTION;

-- Добавляем в словарь причины отмены платежа и их описание
BEGIN TRANSACTION;
insert into Dictionary (reason, description) values ("3d_secure_failed", "Не пройдена аутентификация по 3-D Secure. При новой попытке оплаты пользователю следует пройти аутентификацию, использовать другое платежное средство или обратиться в банк за уточнениями");
insert into Dictionary (reason, description) values ("call_issuer", "Оплата данным платежным средством отклонена по неизвестным причинам. Пользователю следует обратиться в организацию, выпустившую платежное средство");
insert into Dictionary (reason, description) values ("card_expired", "Истек срок действия банковской карты. При новой попытке оплаты пользователю следует использовать другое платежное средство");
insert into Dictionary (reason, description) values ("country_forbidden", "Нельзя заплатить банковской картой, выпущенной в этой стране. При новой попытке оплаты пользователю следует использовать другое платежное средство.Вы можете настроить ограничения на оплату иностранными банковскими картами");
insert into Dictionary (reason, description) values ("expired_on_confirmation", "Истек срок оплаты: пользователь не подтвердил платеж за время, отведенное на оплату выбранным способом. Если пользователь еще хочет оплатить, вам необходимо повторить платеж с новым ключом идемпотентности, а пользователю — подтвердить его");
insert into Dictionary (reason, description) values ("fraud_suspected", "Платеж заблокирован из-за подозрения в мошенничестве. При новой попытке оплаты пользователю следует использовать другое платежное средство");
insert into Dictionary (reason, description) values ("general_decline", "Причина не детализирована. Пользователю следует обратиться к инициатору отмены платежа за уточнением подробностей");
insert into Dictionary (reason, description) values ("identification_required", "Превышены ограничения на платежи для кошелька ЮMoney. При новой попытке оплаты пользователю следует идентифицировать кошелек или выбрать другое платежное средство");
insert into Dictionary (reason, description) values ("insufficient_funds", "Не хватает денег для оплаты. Пользователю следует пополнить баланс или использовать другое платежное средство");
insert into Dictionary (reason, description) values ("internal_timeout", "Технические неполадки на стороне ЮKassa: не удалось обработать запрос в течение 30 секунд. Повторите платеж с новым ключом идемпотентности");
insert into Dictionary (reason, description) values ("invalid_card_number", "Неправильно указан номер карты. При новой попытке оплаты пользователю следует ввести корректные данные");
insert into Dictionary (reason, description) values ("invalid_csc", "Неправильно указан код CVV2 (CVC2, CID). При новой попытке оплаты пользователю следует ввести корректные данные");
insert into Dictionary (reason, description) values ("issuer_unavailable", "Организация, выпустившая платежное средство, недоступна. При новой попытке оплаты пользователю следует использовать другое платежное средство или повторить оплату позже");
insert into Dictionary (reason, description) values ("payment_method_limit_exceeded", "Исчерпан лимит платежей для данного платежного средства или вашего магазина. При новой попытке оплаты пользователю следует использовать другое платежное средство или повторить оплату на следующий день");
insert into Dictionary (reason, description) values ("payment_method_restricted", "Запрещены операции данным платежным средством (например, карта заблокирована из-за утери, кошелек — из-за взлома мошенниками). Пользователю следует обратиться в организацию, выпустившую платежное средство");
insert into Dictionary (reason, description) values ("permission_revoked", "Нельзя провести безакцептное списание: пользователь отозвал разрешение на автоплатежи. Если пользователь еще хочет оплатить, вам необходимо создать новый платеж, а пользователю — подтвердить оплату");
insert into Dictionary (reason, description) values ("unsupported_mobile_operator", "Нельзя заплатить с номера телефона этого мобильного оператора. При новой попытке оплаты пользователю следует использовать другое платежное средство. Список поддерживаемых операторов");
END TRANSACTION;